src,dst,weight
10 CFR Part 50,RG 1.29,97
10 CFR Part 50,RG 1.206,67
10 CFR Part 50,SRP 2.3.1,48
10 CFR Part 50,RG 1.143,46
10 CFR Part 50,SRP 2.4.12,46
10 CFR Part 50,RG 1.59,43
10 CFR Part 50,SRP 5.2.3,42
10 CFR Part 50,DSRS 3.8.4,40
10 CFR Part 50,RG 1.76,38
RG 1.76,SRP 2.3.1,38
10 CFR Part 50,RG 1.183,37
10 CFR Part 50,RG 1.26,36
10 CFR Part 50,DSRS 3.11,35
10 CFR Part 50,SRP 3.9.2,35
10 CFR Part 50,SRP 2.5.2,34
RG 1.29,RG 1.59,33
10 CFR Part 50,DSRS 3.7.2,32
10 CFR Part 50,RG 1.84,32
10 CFR Part 50,SRP 13.3,32
10 CFR Part 50,SRP 3.7.1,31
10 CFR Part 50,SRP 3.9.3,31
10 CFR Part 50,SRP 3.8.5,30
10 CFR Part 50,DSRS 12.2,29
10 CFR Part 50,DSRS 6.2.6,29
10 CFR Part 50,RG 1.163,28
10 CFR Part 50,RG 1.20,28
10 CFR Part 50,RG 1.50,28
DSRS 12.2,RG 1.183,28
DSRS 6.2.6,RG 1.163,28
RG 1.20,SRP 3.9.2,28
10 CFR Part 50,RG 1.155,27
10 CFR Part 50,SRP 2.4.6,27
RG 1.26,RG 1.29,27
10 CFR Part 50,SRP 3.7.2,26
10 CFR Part 50,RG 1.71,25
10 CFR Part 50,SRP 9.1.1,25
10 CFR Part 50,DSRS 3.8.2,24
10 CFR Part 50,SRP 6.4,24
10 CFR Part 50,RG 1.138,23
10 CFR Part 50,RG 1.78,23
10 CFR Part 50,RG 1.97,23
RG 1.50,SRP 5.2.3,23
RG 1.59,SRP 2.4.6,23
10 CFR Part 50,RG 1.44,21
10 CFR Part 50,RG 1.8,21
10 CFR Part 50,SRP 2.5.4,21
10 CFR Part 50,DSRS 3.7.1,20
DSRS 3.7.1,DSRS 3.7.2,20
RG 1.206,SRP 2.5.1,20
RG 1.78,SRP 6.4,20
RG 1.84,SRP 5.2.3,20
SRP 3.7.2,SRP 3.8.5,20
10 CFR Part 50,RG 1.23,19
RG 1.145,RG 1.23,18
RG 1.29,SRP 3.9.2,18
RG 1.44,SRP 5.2.3,18
SRP 3.7.1,SRP 3.7.2,18
10 CFR Part 50,DSRS 6.2.5,17
10 CFR Part 50,SRP 2.4.3,17
RG 1.206,SRP 3.8.5,17
10 CFR Part 50,RG 1.68,16
10 CFR Part 50,SRP 13.1.1,16
10 CFR Part 50,SRP 14.3.10,16
10 CFR Part 50,SRP 2.5.1,16
10 CFR Part 50,SRP 3.9.5,16
RG 1.29,SRP 2.4.6,16
RG 1.50,RG 1.84,16
SRP 3.9.3,SRP 3.9.5,16
10 CFR Part 50,DSRS 11.1,15
10 CFR Part 50,RG 1.160,15
10 CFR Part 50,RG 1.57,15
10 CFR Part 50,SRP 10.3.6,15
DSRS 12.2,RG 1.143,15
DSRS 3.11,RG 1.97,15
RG 1.50,RG 1.71,15
RG 1.8,SRP 13.1.1,15
SRP 2.5.2,SRP 3.7.1,15
SRP 3.7.1,SRP 3.8.5,15
10 CFR Part 50,DSRS 4.4,14
10 CFR Part 50,DSRS 5.2.4,14
10 CFR Part 50,DSRS 6.2.4,14
10 CFR Part 50,RG 1.216,14
10 CFR Part 50,RG 1.82,14
10 CFR Part 50,SRP 2.4.13,14
RG 1.138,SRP 2.5.4,14
SRP 3.9.2,SRP 3.9.3,14
10 CFR Part 50,DSRS 6.2.2,13
10 CFR Part 50,RG 1.147,13
10 CFR Part 50,RG 4.21,13
10 CFR Part 50,SRP 14.2,13
10 CFR Part 50,SRP 8.2,13
DSRS 6.2.2,RG 1.82,13
RG 1.138,RG 1.198,13
RG 1.143,RG 1.183,13
RG 1.145,SRP 2.3.4,13
RG 1.183,SRP 6.4,13
RG 1.23,SRP 2.3.3,13
10 CFR Part 50,RG 1.32,12
10 CFR Part 50,SRP 9.1.3,12
DSRS 3.8.2,RG 1.57,12
RG 1.143,RG 1.26,12
RG 1.160,SRP 8.2,12
RG 1.20,RG 1.29,12
RG 1.20,SRP 3.9.3,12
RG 1.20,SRP 3.9.5,12
RG 1.206,SRP 2.5.2,12
RG 1.23,SRP 2.3.4,12
RG 1.23,SRP 2.3.5,12
RG 1.26,SRP 9.1.3,12
RG 1.29,SRP 9.1.3,12
RG 1.71,SRP 5.2.3,12
SRP 2.4.12,SRP 2.4.13,12
SRP 3.9.2,SRP 3.9.5,12
10 CFR Part 50,DSRS 5.4.7,11
10 CFR Part 50,RG 1.198,11
10 CFR Part 50,RG 1.28,11
10 CFR Part 50,RG 1.53,11
10 CFR Part 50,SRP 10.4.1,11
10 CFR Part 50,SRP 11.2,11
10 CFR Part 50,SRP 11.3,11
10 CFR Part 50,SRP 13.2.2,11
10 CFR Part 50,SRP 2.3.2,11
10 CFR Part 50,SRP 3.3.1,11
10 CFR Part 50,SRP 3.4.2,11
DSRS 12.2,RG 1.26,11
DSRS 3.8.4,RG 1.143,11
DSRS 4.4,SRP 14.2,11
RG 1.145,RG 1.194,11
RG 1.183,RG 1.26,11
RG 1.194,RG 1.23,11
RG 1.71,RG 1.84,11
10 CFR Part 50,RG 1.100,10
10 CFR Part 50,SRP 13.2.1,10
10 CFR Part 50,SRP 3.9.1,10
DSRS 5.2.4,RG 1.147,10
RG 1.143,RG 1.29,10
RG 1.155,RG 1.29,10
RG 1.183,RG 1.78,10
RG 1.206,SRP 3.7.2,10
10 CFR Part 50,DSRS 9.3.6,9
DSRS 3.7.1,SRP 2.5.2,9
DSRS 3.7.2,DSRS 3.8.4,9
DSRS 3.7.2,SRP 2.5.2,9
DSRS 6.2.5,RG 1.216,9
RG 1.143,RG 4.21,9
RG 1.155,RG 1.160,9
RG 1.155,RG 1.32,9
RG 1.155,SRP 8.2,9
RG 1.59,SRP 2.4.3,9
RG 1.84,SRP 10.3.6,9
SRP 2.3.1,SRP 2.3.2,9
SRP 2.3.1,SRP 3.3.1,9
SRP 2.3.2,SRP 3.3.1,9
10 CFR Part 50,DSRS 15.2.6,8
10 CFR Part 50,DSRS 5.3.1,8
10 CFR Part 50,DSRS 6.2.1,8
10 CFR Part 50,RG 1.145,8
10 CFR Part 50,SRP 10.4.5,8
10 CFR Part 50,SRP 19.3,8
DSRS 15.2.6,RG 1.53,8
DSRS 3.7.1,DSRS 3.8.4,8
DSRS 4.4,RG 1.68,8
DSRS 9.3.6,RG 1.29,8
RG 1.100,RG 1.29,8
RG 1.143,SRP 11.2,8
RG 1.160,RG 1.32,8
RG 1.198,SRP 2.5.4,8
RG 1.206,RG 1.23,8
RG 1.206,SRP 3.7.1,8
RG 1.216,RG 1.57,8
RG 1.32,SRP 8.2,8
RG 1.44,RG 1.50,8
RG 1.44,RG 1.84,8
SRP 10.4.1,SRP 11.3,8
SRP 2.4.12,SRP 2.4.3,8
SRP 2.4.12,SRP 3.4.2,8
SRP 2.4.3,SRP 3.4.2,8
SRP 3.9.1,SRP 3.9.3,8
10 CFR Part 50,DSRS 3.8.5,7
10 CFR Part 50,SRP 2.4.4,7
10 CFR Part 50,SRP 2.5.3,7
10 CFR Part 50,SRP 9.2.6,7
10 CFR Part 50,SRP 9.2.7,7
DSRS 3.7.1,DSRS 3.8.5,7
DSRS 3.7.2,DSRS 3.8.5,7
DSRS 3.8.4,DSRS 3.8.5,7
RG 1.100,SRP 3.9.2,7
RG 1.138,SRP 2.5.2,7
RG 1.145,RG 1.78,7
RG 1.194,SRP 2.3.4,7
RG 1.206,SRP 2.3.5,7
RG 1.23,RG 1.78,7
RG 1.29,SRP 2.4.3,7
RG 1.59,SRP 2.4.4,7
RG 1.71,SRP 10.3.6,7
RG 1.78,SRP 2.3.4,7
RG 1.8,SRP 13.2.1,7
SRP 11.2,SRP 2.4.13,7
SRP 14.3.10,SRP 2.4.12,7
SRP 14.3.10,SRP 2.4.3,7
SRP 14.3.10,SRP 3.4.2,7
10 CFR Part 50,DSRS 15.2.8,6
10 CFR Part 50,DSRS 8.3.2,6
10 CFR Part 50,DSRS 8.4,6
10 CFR Part 50,DSRS 9.3.4,6
10 CFR Part 50,SRP 13.5.1,6
10 CFR Part 50,SRP 2.3.4,6
10 CFR Part 50,SRP 2.4.1,6
10 CFR Part 50,SRP 9.1.2,6
DSRS 6.2.4,RG 1.155,6
DSRS 6.2.4,RG 1.26,6
DSRS 6.2.4,RG 1.29,6
DSRS 8.4,RG 1.155,6
DSRS 9.3.4,RG 1.26,6
RG 1.138,RG 1.206,6
RG 1.143,SRP 9.2.6,6
RG 1.145,SRP 2.3.5,6
RG 1.155,RG 1.26,6
RG 1.198,RG 1.206,6
RG 1.206,SRP 2.5.3,6
RG 1.23,SRP 2.3.2,6
RG 1.29,SRP 2.4.4,6
RG 1.68,SRP 14.2,6
RG 1.8,SRP 13.2.2,6
RG 4.21,SRP 11.2,6
SRP 2.4.6,SRP 2.5.2,6
SRP 2.5.2,SRP 3.7.2,6
SRP 2.5.4,SRP 3.8.5,6
10 CFR Part 50,DSRS 14.2,5
10 CFR Part 50,RG 1.61,5
10 CFR Part 50,SRP 15.0.3,5
10 CFR Part 50,SRP 2.3.5,5
10 CFR Part 50,SRP 3.5.2,5
10 CFR Part 50,SRP 8.1,5
DSRS 12.2,SRP 15.0.3,5
DSRS 3.7.2,SRP 3.7.1,5
DSRS 3.8.2,RG 1.216,5
DSRS 3.8.2,RG 1.71,5
DSRS 3.8.4,RG 1.206,5
DSRS 9.3.4,RG 1.29,5
DSRS 9.3.4,RG 4.21,5
RG 1.143,SRP 10.4.1,5
RG 1.143,SRP 11.3,5
RG 1.183,SRP 15.0.3,5
RG 1.198,SRP 2.5.2,5
RG 1.23,SRP 2.3.1,5
RG 1.26,RG 4.21,5
RG 1.29,RG 4.21,5
RG 1.29,SRP 2.4.1,5
RG 1.29,SRP 9.2.7,5
RG 1.57,RG 1.71,5
RG 1.97,SRP 13.3,5
SRP 13.1.1,SRP 13.2.1,5
SRP 13.2.1,SRP 13.2.2,5
SRP 2.3.3,SRP 2.3.5,5
SRP 2.5.1,SRP 2.5.2,5
SRP 2.5.4,SRP 3.7.2,5
10 CFR Part 50,DSRS 10.2.3,4
10 CFR Part 50,SRP 2.3.3,4
10 CFR Part 50,SRP 3.12,4
10 CFR Part 50,SRP 4.6,4
10 CFR Part 50,SRP 9.3.3,4
DSRS 15.2.6,DSRS 4.4,4
DSRS 15.2.6,SRP 14.2,4
DSRS 3.7.1,SRP 3.7.1,4
DSRS 3.8.2,RG 1.206,4
DSRS 4.4,RG 1.53,4
DSRS 8.4,SRP 19.3,4
RG 1.100,RG 1.20,4
RG 1.100,RG 1.97,4
RG 1.145,SRP 2.3.3,4
RG 1.155,SRP 19.3,4
RG 1.194,RG 1.78,4
RG 1.206,SRP 13.2.1,4
RG 1.206,SRP 2.5.4,4
RG 1.216,RG 1.71,4
RG 1.23,SRP 3.3.1,4
RG 1.29,RG 1.97,4
RG 1.29,SRP 3.4.2,4
RG 1.53,SRP 14.2,4
RG 1.59,SRP 2.4.1,4
RG 1.76,SRP 2.3.2,4
RG 1.76,SRP 3.3.1,4
RG 4.21,SRP 10.4.1,4
SRP 2.5.2,SRP 3.8.5,4
10 CFR Part 50,DSRS 15.1.5,3
10 CFR Part 50,DSRS 6.3,3
10 CFR Part 50,DSRS 6.6,3
10 CFR Part 50,RG 1.194,3
10 CFR Part 50,SRP 19.0,3
10 CFR Part 50,SRP 2.4.5,3
DSRS 14.2,DSRS 5.4.7,3
DSRS 14.2,RG 1.68,3
DSRS 15.1.5,DSRS 4.4,3
DSRS 15.1.5,SRP 14.2,3
DSRS 3.11,DSRS 8.3.2,3
DSRS 3.11,RG 1.100,3
DSRS 3.8.2,RG 1.84,3
DSRS 5.3.1,RG 1.28,3
DSRS 5.3.1,RG 1.44,3
DSRS 5.4.7,RG 1.26,3
DSRS 6.2.5,RG 1.57,3
DSRS 6.6,RG 1.147,3
RG 1.138,RG 1.28,3
RG 1.138,SRP 3.7.2,3
RG 1.138,SRP 3.8.5,3
RG 1.143,RG 1.206,3
RG 1.143,RG 1.59,3
RG 1.143,SRP 2.4.4,3
RG 1.145,RG 1.206,3
RG 1.155,RG 1.28,3
RG 1.155,SRP 9.2.7,3
RG 1.194,SRP 2.3.5,3
RG 1.206,SRP 2.3.1,3
RG 1.206,SRP 2.3.2,3
RG 1.206,SRP 2.3.3,3
RG 1.28,RG 1.29,3
RG 1.28,RG 1.44,3
RG 1.28,SRP 2.5.4,3
RG 1.28,SRP 9.2.7,3
RG 1.29,SRP 9.2.6,3
RG 1.50,SRP 10.3.6,3
RG 1.57,RG 1.84,3
RG 1.59,SRP 3.4.2,3
RG 1.8,SRP 13.3,3
RG 1.8,SRP 13.5.1,3
RG 4.21,SRP 11.3,3
SRP 10.4.1,SRP 14.3.10,3
SRP 11.2,SRP 2.4.1,3
SRP 11.2,SRP 2.4.12,3
SRP 11.3,SRP 14.3.10,3
SRP 13.2.1,SRP 13.5.1,3
SRP 19.3,SRP 9.2.7,3
SRP 2.3.3,SRP 2.3.4,3
SRP 2.4.1,SRP 3.4.2,3
SRP 2.5.1,SRP 2.5.3,3
SRP 2.5.1,SRP 3.7.2,3
SRP 2.5.1,SRP 3.8.5,3
SRP 2.5.2,SRP 2.5.3,3
SRP 2.5.4,SRP 3.7.1,3
SRP 3.12,SRP 3.9.3,3
10 CFR Part 50,DSRS 15.2.7,2
10 CFR Part 50,DSRS 5.2.5,2
10 CFR Part 50,RG 1.221,2
10 CFR Part 50,RG 1.33,2
10 CFR Part 50,RG 1.45,2
10 CFR Part 50,RG 1.65,2
10 CFR Part 50,SRP 10.2,2
10 CFR Part 50,SRP 10.4.6,2
10 CFR Part 50,SRP 13.6,2
10 CFR Part 50,SRP 16.0,2
10 CFR Part 50,SRP 17.5,2
10 CFR Part 50,SRP 2.4.2,2
10 CFR Part 50,SRP 8.3.1,2
DSRS 10.2.3,SRP 19.3,2
DSRS 12.2,RG 1.29,2
DSRS 12.2,SRP 2.3.4,2
DSRS 15.1.5,RG 1.68,2
DSRS 15.2.7,RG 1.206,2
DSRS 15.2.7,RG 1.53,2
DSRS 3.7.2,SRP 3.7.2,2
DSRS 3.8.2,SRP 3.9.1,2
DSRS 3.8.4,RG 1.221,2
DSRS 4.4,RG 1.160,2
DSRS 5.2.5,RG 1.29,2
DSRS 5.2.5,RG 1.45,2
DSRS 5.2.5,RG 1.97,2
DSRS 5.3.1,RG 1.50,2
DSRS 5.3.1,RG 1.65,2
DSRS 5.4.7,RG 1.29,2
DSRS 5.4.7,RG 1.68,2
DSRS 6.2.5,SRP 14.3.10,2
DSRS 6.2.5,SRP 19.0,2
DSRS 6.3,RG 1.68,2
DSRS 8.3.2,RG 1.32,2
RG 1.138,SRP 3.5.2,2
RG 1.143,RG 1.155,2
RG 1.143,RG 1.221,2
RG 1.143,SRP 11.4,2
RG 1.143,SRP 14.3.10,2
RG 1.143,SRP 3.3.1,2
RG 1.155,SRP 9.2.6,2
RG 1.160,RG 1.68,2
RG 1.183,RG 1.29,2
RG 1.183,SRP 2.3.4,2
RG 1.194,RG 1.206,2
RG 1.194,SRP 2.3.3,2
RG 1.198,RG 1.28,2
RG 1.206,RG 1.53,2
RG 1.206,RG 1.57,2
RG 1.206,RG 1.76,2
RG 1.206,RG 1.8,2
RG 1.206,SRP 11.3,2
RG 1.206,SRP 13.1.1,2
RG 1.206,SRP 13.2.2,2
RG 1.206,SRP 14.3.10,2
RG 1.216,SRP 19.0,2
RG 1.23,RG 1.97,2
RG 1.23,SRP 11.3,2
RG 1.23,SRP 13.3,2
RG 1.26,SRP 3.7.1,2
RG 1.28,RG 1.50,2
RG 1.29,RG 1.45,2
RG 1.29,RG 1.68,2
RG 1.29,SRP 13.2.1,2
RG 1.29,SRP 2.4.12,2
RG 1.29,SRP 3.7.1,2
RG 1.33,SRP 13.5.1,2
RG 1.44,SRP 10.3.6,2
RG 1.45,RG 1.97,2
RG 1.57,SRP 3.9.1,2
RG 1.59,SRP 2.4.2,2
RG 1.59,SRP 2.4.5,2
RG 1.61,SRP 3.7.2,2
RG 1.68,SRP 10.2,2
RG 4.21,SRP 11.4,2
SRP 10.3.6,SRP 19.3,2
SRP 10.3.6,SRP 5.2.3,2
SRP 10.3.6,SRP 9.2.7,2
SRP 10.4.5,SRP 3.7.1,2
SRP 10.4.5,SRP 8.3.1,2
SRP 11.2,SRP 3.3.1,2
SRP 11.3,SRP 2.3.5,2
SRP 13.1.1,SRP 13.5.1,2
SRP 13.2.1,SRP 14.3.10,2
SRP 13.2.1,SRP 9.2.7,2
SRP 13.2.2,SRP 13.3,2
SRP 13.2.2,SRP 13.5.1,2
SRP 13.2.2,SRP 14.3.10,2
SRP 13.2.2,SRP 19.3,2
SRP 13.2.2,SRP 3.8.5,2
SRP 13.2.2,SRP 9.2.7,2
SRP 14.3.10,SRP 19.3,2
SRP 14.3.10,SRP 9.2.7,2
SRP 16.0,SRP 6.4,2
SRP 2.3.4,SRP 2.3.5,2
SRP 2.4.1,SRP 2.4.12,2
SRP 2.4.1,SRP 2.4.13,2
SRP 2.4.2,SRP 2.4.3,2
SRP 2.5.1,SRP 3.7.1,2
SRP 3.7.1,SRP 8.3.1,2
SRP 3.7.1,SRP 9.1.3,2
10 CFR Part 50,DSRS 11.2,1
10 CFR Part 50,DSRS 8.1,1
10 CFR Part 50,RG 1.36,1
10 CFR Part 50,SRP 11.4,1
10 CFR Part 50,SRP 15.4.8,1
10 CFR Part 50,SRP 9.5.2,1
DSRS 10.2.3,RG 1.8,1
DSRS 10.2.3,SRP 13.2.2,1
DSRS 11.1,DSRS 11.2,1
DSRS 11.1,SRP 2.4.13,1
DSRS 11.2,SRP 2.4.13,1
DSRS 12.2,RG 1.145,1
DSRS 14.2,DSRS 15.2.8,1
DSRS 14.2,DSRS 4.4,1
DSRS 14.2,DSRS 6.3,1
DSRS 14.2,RG 1.26,1
DSRS 14.2,SRP 14.2,1
DSRS 14.2,SRP 14.3.10,1
DSRS 15.1.5,SRP 14.3.10,1
DSRS 15.2.8,DSRS 4.4,1
DSRS 15.2.8,DSRS 5.3.1,1
DSRS 15.2.8,SRP 14.2,1
DSRS 15.2.8,SRP 3.9.1,1
DSRS 15.2.8,SRP 3.9.2,1
DSRS 15.2.8,SRP 3.9.3,1
DSRS 15.2.8,SRP 5.2.3,1
DSRS 3.11,DSRS 8.1,1
DSRS 3.11,RG 1.29,1
DSRS 3.11,RG 1.32,1
DSRS 3.11,RG 1.53,1
DSRS 3.7.1,RG 1.138,1
DSRS 3.7.1,RG 1.61,1
DSRS 3.7.1,SRP 19.0,1
DSRS 3.7.1,SRP 2.5.4,1
DSRS 3.7.1,SRP 3.7.2,1
DSRS 3.7.2,RG 1.138,1
DSRS 3.7.2,RG 1.61,1
DSRS 3.7.2,SRP 19.0,1
DSRS 3.7.2,SRP 2.5.4,1
DSRS 3.7.2,SRP 3.8.5,1
DSRS 3.8.2,RG 1.29,1
DSRS 3.8.4,RG 1.160,1
DSRS 3.8.4,RG 1.29,1
DSRS 3.8.4,SRP 2.5.2,1
DSRS 3.8.4,SRP 3.9.2,1
DSRS 4.4,RG 1.29,1
DSRS 4.4,SRP 14.3.10,1
DSRS 5.3.1,SRP 5.2.3,1
DSRS 5.4.7,DSRS 6.2.4,1
DSRS 5.4.7,DSRS 6.3,1
DSRS 5.4.7,RG 1.82,1
DSRS 5.4.7,SRP 14.3.10,1
DSRS 6.2.1,RG 1.143,1
DSRS 6.2.1,RG 1.183,1
DSRS 6.2.1,RG 1.71,1
DSRS 6.2.1,SRP 3.9.3,1
DSRS 6.3,RG 1.82,1
DSRS 6.6,RG 1.84,1
DSRS 6.6,SRP 13.2.2,1
DSRS 6.6,SRP 13.5.1,1
DSRS 8.1,DSRS 8.3.2,1
DSRS 8.1,RG 1.32,1
DSRS 8.3.2,RG 1.61,1
DSRS 8.4,RG 1.61,1
DSRS 8.4,SRP 14.3.10,1
DSRS 8.4,SRP 2.4.1,1
DSRS 9.3.6,RG 1.143,1
DSRS 9.3.6,RG 1.32,1
DSRS 9.3.6,SRP 17.5,1
RG 1.100,RG 1.53,1
RG 1.100,SRP 3.7.2,1
RG 1.138,RG 1.26,1
RG 1.138,RG 1.29,1
RG 1.138,SRP 2.5.1,1
RG 1.138,SRP 2.5.3,1
RG 1.138,SRP 3.7.1,1
RG 1.138,SRP 9.1.2,1
RG 1.138,SRP 9.1.3,1
RG 1.143,RG 1.160,1
RG 1.143,RG 1.32,1
RG 1.143,RG 1.71,1
RG 1.143,SRP 2.4.1,1
RG 1.143,SRP 2.4.13,1
RG 1.143,SRP 3.4.2,1
RG 1.143,SRP 3.7.1,1
RG 1.143,SRP 3.9.2,1
RG 1.143,SRP 9.1.3,1
RG 1.145,RG 1.183,1
RG 1.145,RG 1.97,1
RG 1.145,SRP 13.3,1
RG 1.147,RG 1.84,1
RG 1.147,SRP 13.2.2,1
RG 1.147,SRP 13.5.1,1
RG 1.155,RG 1.61,1
RG 1.155,RG 1.97,1
RG 1.155,SRP 13.3,1
RG 1.155,SRP 14.3.10,1
RG 1.155,SRP 2.4.1,1
RG 1.160,RG 1.221,1
RG 1.183,RG 1.71,1
RG 1.198,SRP 2.5.1,1
RG 1.198,SRP 2.5.3,1
RG 1.198,SRP 3.8.5,1
RG 1.20,RG 1.61,1
RG 1.20,RG 1.68,1
RG 1.20,SRP 13.2.1,1
RG 1.206,RG 1.216,1
RG 1.206,SRP 10.4.1,1
RG 1.206,SRP 13.3,1
RG 1.206,SRP 2.4.12,1
RG 1.206,SRP 2.4.6,1
RG 1.206,SRP 3.3.1,1
RG 1.206,SRP 3.9.3,1
RG 1.206,SRP 3.9.5,1
RG 1.206,SRP 9.2.7,1
RG 1.216,SRP 14.3.10,1
RG 1.23,RG 4.21,1
RG 1.26,SRP 13.2.2,1
RG 1.26,SRP 14.3.10,1
RG 1.28,RG 1.33,1
RG 1.28,SRP 13.2.2,1
RG 1.28,SRP 13.5.1,1
RG 1.28,SRP 17.5,1
RG 1.28,SRP 3.8.5,1
RG 1.29,RG 1.32,1
RG 1.29,RG 1.57,1
RG 1.29,RG 1.61,1
RG 1.29,SRP 10.3.6,1
RG 1.29,SRP 11.2,1
RG 1.29,SRP 13.2.2,1
RG 1.29,SRP 19.3,1
RG 1.29,SRP 2.4.13,1
RG 1.29,SRP 2.5.2,1
RG 1.29,SRP 3.7.2,1
RG 1.29,SRP 3.9.3,1
RG 1.29,SRP 9.1.2,1
RG 1.32,RG 1.61,1
RG 1.32,RG 1.97,1
RG 1.32,SRP 13.3,1
RG 1.36,RG 1.44,1
RG 1.36,SRP 5.2.3,1
RG 1.44,RG 1.71,1
RG 1.53,RG 1.97,1
RG 1.57,SRP 19.0,1
RG 1.59,SRP 13.2.1,1
RG 1.59,SRP 2.5.2,1
RG 1.59,SRP 9.2.6,1
RG 1.61,SRP 19.3,1
RG 1.61,SRP 3.7.1,1
RG 1.61,SRP 3.9.2,1
RG 1.68,SRP 15.0.3,1
RG 1.68,SRP 3.9.2,1
RG 1.68,SRP 4.6,1
RG 1.71,SRP 3.9.1,1
RG 1.78,SRP 16.0,1
RG 1.8,SRP 19.3,1
RG 1.84,SRP 3.9.1,1
RG 1.97,SRP 3.9.2,1
RG 4.21,SRP 2.3.3,1
RG 4.21,SRP 2.4.1,1
SRP 10.4.1,SRP 11.2,1
SRP 10.4.5,SRP 13.2.2,1
SRP 11.2,SRP 11.4,1
SRP 11.2,SRP 3.4.2,1
SRP 11.2,SRP 3.7.1,1
SRP 11.3,SRP 2.3.1,1
SRP 11.3,SRP 2.3.3,1
SRP 13.1.1,SRP 13.3,1
SRP 13.2.1,SRP 13.3,1
SRP 13.2.1,SRP 19.3,1
SRP 13.2.1,SRP 2.4.6,1
SRP 13.2.1,SRP 3.8.5,1
SRP 13.2.1,SRP 3.9.2,1
SRP 13.2.2,SRP 17.5,1
SRP 13.2.2,SRP 3.7.1,1
SRP 13.2.2,SRP 8.3.1,1
SRP 13.2.2,SRP 9.1.3,1
SRP 13.3,SRP 13.6,1
SRP 14.2,SRP 14.3.10,1
SRP 14.2,SRP 15.0.3,1
SRP 14.2,SRP 15.4.8,1
SRP 14.2,SRP 4.6,1
SRP 14.2,SRP 5.2.3,1
SRP 14.3.10,SRP 19.0,1
SRP 14.3.10,SRP 9.1.1,1
SRP 15.0.3,SRP 2.3.4,1
SRP 15.0.3,SRP 4.6,1
SRP 15.4.8,SRP 5.2.3,1
SRP 17.5,SRP 3.8.5,1
SRP 19.0,SRP 2.5.4,1
SRP 19.3,SRP 2.4.1,1
SRP 2.3.1,SRP 2.3.5,1
SRP 2.4.12,SRP 2.5.4,1
SRP 2.4.13,SRP 3.3.1,1
SRP 2.4.2,SRP 2.4.4,1
SRP 2.4.3,SRP 2.4.4,1
SRP 2.4.5,SRP 2.4.6,1
SRP 2.5.1,SRP 2.5.4,1
SRP 2.5.2,SRP 2.5.4,1
SRP 2.5.3,SRP 2.5.4,1
SRP 3.3.1,SRP 3.4.2,1
SRP 3.3.1,SRP 3.7.1,1
SRP 3.4.2,SRP 3.7.1,1
SRP 3.7.2,SRP 3.9.1,1
SRP 3.7.2,SRP 3.9.2,1
SRP 3.7.2,SRP 3.9.3,1
SRP 3.9.1,SRP 3.9.2,1
